Workbook

Sheet Template
A1: Appartment | B1: Date | C1: Name | E1: 863592.7
A2: =vlookup(C2,'Refernce Sheet'!A:B,2,FALSE) -> #N/A
A3: =vlookup(C3,'Refernce Sheet'!A:B,2,FALSE) -> #N/A
A4: =vlookup(C4,'Refernce Sheet'!A:B,2,FALSE) -> #N/A
A5: =vlookup(C5,'Refernce Sheet'!A:B,2,FALSE) -> #N/A
A6: =vlookup(C6,'Refernce Sheet'!A:B,2,FALSE) -> #N/A
A7: =vlookup(C7,'Refernce Sheet'!A:B,2,FALSE) -> #N/A
A8: =vlookup(C8,'Refernce Sheet'!A:B,2,FALSE) -> #N/A
A9: =vlookup(C9,'Refernce Sheet'!A:B,2,FALSE) -> #N/A
A10: =vlookup(C10,'Refernce Sheet'!A:B,2,FALSE) -> #N/A
A11: =vlookup(C11,'Refernce Sheet'!A:B,2,FALSE) -> #N/A
A12: =vlookup(C12,'Refernce Sheet'!A:B,2,FALSE) -> #N/A
A13: =vlookup(C13,'Refernce Sheet'!A:B,2,FALSE) -> #N/A
... A34: =vlookup(C34,'Refernce Sheet'!A:B,2,FALSE) -> #N/A
D35: Dr | E35: Cr
F37: Bal as of 31st
D38: =SUM(D2:D37) -> 0 | E38: =sum(E2:E37) -> 0 | F38: =E38-D38 -> 0
E40: =E38-E2 -> 0

Sheet Jul 2024
A3: Apartment Number | B3: Date | C3: Name | D3: Dr | E3: Cr
E4: 874330.7
A5: VG3 | C5: PaniRaj | E5: 7800
A6: RG1 | C6: Megana | E6: 2600
A7: KG4 | C7: Srikanth Belihalli | E7: 2600
A8: KG3 | C8: Usha | E8: 2600
A9: RS2 | C9: Neha | E9: 2600
A10: KF2 | C10: IMPS 9193..... 11122 | E10: 2600
A11: KS1 | C11: Ramesh Joshi | E11: 2600
A12: KG1 | C12: Raghavendra BH | E12: 2600
A13: KF3 | C13: Varun | E13: 2600
A14: RG2 | C14: Lakshmi Narayana | E14: 2600
A15: VF2 | C15: Ramesh Bembalore | E15: 2600
A16: KS2 | C16: Nikhil | E16: 2600
... A23: VS2 | C23: Srikanteshwar J S | E23: 2600
C24: Mariswamy | D24: 11000
A25: VS3 | C25: Sai Prasad | E25: 2600
C26: Karthik KC | D26: 27500
A27: RF3 | C27: Rohit Kumar | E27: 2600
A28: VG1 | C28: Mukesh Gupta | E28: 5200
C29: Bangalore One | D29: 7178
C30: Bescom | D30: 1882
C31: Bescom | D31: 1992
C32: Bescom | D32: 5168
A33: VG2 | C33: Swathi | E33: 7800
A34: KF1 | C34: Nayak | E34: 2600
A35: KS3 | C35: Shyalaja | E35: 5200
D38: =sum(D4:D37) -> 54720 | E38: =sum(E4:E37) -> 954930.7 | F38: =E38-D38 -> 900210.7

Sheet Aug 2024
D1: Dr | E1: Cr
A2: Appartment | B2: Date | C2: Name | E2: ='Jul 2024'!F38 -> 900210.7
A3: =vlookup(C3,'Refernce Sheet'!A:B,2,FALSE) -> KG3 | C3: Usha | E3: 2600
A4: =vlookup(C4,'Refernce Sheet'!A:B,2,FALSE) -> KG4 | C4: Srikanth Belihalli | E4: 2600
A5: =vlookup(C5,'Refernce Sheet'!A:B,2,FALSE) -> RS2 | C5: Neha | E5: 2600
A6: =vlookup(C6,'Refernce Sheet'!A:B,2,FALSE) -> #N/A | C6: Raghavendra BH | E6: 2600
A7: =vlookup(C7,'Refernce Sheet'!A:B,2,FALSE) -> KF2 | C7: IMPS 9193..... 11122 | E7: 2600
A8: =vlookup(C8,'Refernce Sheet'!A:B,2,FALSE) -> RG2 | C8: Lakshmi Narayana | E8: 2600
A9: =vlookup(C9,'Refernce Sheet'!A:B,2,FALSE) -> #N/A | C9: Cash Drawn | D9: 15000
A10: =vlookup(C10,'Refernce Sheet'!A:B,2,FALSE) -> KF3 | C10: Varun | E10: 2600
A11: =vlookup(C11,'Refernce Sheet'!A:B,2,FALSE) -> VF2 | C11: Ramesh Bembalore | E11: 2600
A12: =vlookup(C12,'Refernce Sheet'!A:B,2,FALSE) -> KS1 | C12: Ramesh Joshi | E12: 2600
A13: =vlookup(C13,'Refernce Sheet'!A:B,2,FALSE) -> RG1 | C13: Megana | E13: 2600
A14: =vlookup(C14,'Refernce Sheet'!A:B,2,FALSE) -> VF1 | C14: Pusha Badmi | E14: 2600
A15: =vlookup(C15,'Refernce Sheet'!A:B,2,FALSE) -> KS2 | C15: Nikhil | E15: 2600
A16: =vlookup(C16,'Refernce Sheet'!A:B,2,FALSE) -> RF2 | C16: Sunitha Sudharshan | E16: 2600
A17: =vlookup(C17,'Refernce Sheet'!A:B,2,FALSE) -> VG1 | C17: Mukesh Gupta | E17: 2600
A18: =vlookup(C18,'Refernce Sheet'!A:B,2,FALSE) -> RS3 | C18: Kiran M S | E18: 2600
A19: =vlookup(C19,'Refernce Sheet'!A:B,2,FALSE) -> KS4 | C19: Srekanth S N | E19: 7800
A20: =vlookup(C20,'Refernce Sheet'!A:B,2,FALSE) -> Maintenance | C20: Mariswamy | D20: 11000
A21: =vlookup(C21,'Refernce Sheet'!A:B,2,FALSE) -> VS2 | C21: Srikanteshwar J S | E21: 2600
A22: =vlookup(C22,'Refernce Sheet'!A:B,2,FALSE) -> RG3 | C22: IMPS - No Number | E22: 2600
A23: =vlookup(C23,'Refernce Sheet'!A:B,2,FALSE) -> VF3 | C23: Manu | E23: 2600
A24: =vlookup(C24,'Refernce Sheet'!A:B,2,FALSE) -> #N/A | C24: Karthik KC | D24: 27500
A25: =vlookup(C25,'Refernce Sheet'!A:B,2,FALSE) -> VS3 | C25: Sai Prasad | E25: 2600
A26: =vlookup(C26,'Refernce Sheet'!A:B,2,FALSE) -> RF3 | C26: Rohit Kumar | E26: 2600
A27: =vlookup(C27,'Refernce Sheet'!A:B,2,FALSE) -> #N/A | C27: Bharath Elevators | D27: 8024
A28: =vlookup(C28,'Refernce Sheet'!A:B,2,FALSE) -> BESCOM | C28: Bescom | D28: =6200+2128+2281 -> 10609
A29: =vlookup(C29,'Refernce Sheet'!A:B,2,FALSE) -> KG2 | C29: Ramesh Mani | E29: 2600
A30: =vlookup(C30,'Refernce Sheet'!A:B,2,FALSE) -> #N/A | C30: BWSSB | D30: 7486
A31: =vlookup(C31,'Refernce Sheet'!A:B,2,FALSE) -> KF1 | C31: Nayak | E31: 2600
D33: =sum(D2:D32) -> 79619 | E33: =sum(E2:E31) -> 965210.7 | F33: =E33-D33 -> 885591.7

Sheet Sept 2024
D1: Dr | E1: Cr
A2: Appartment | B2: Date | C2: Name | E2: ='Aug 2024'!F33 -> 885591.7
A3: =vlookup(C3,'Refernce Sheet'!A:B,2,FALSE) -> VG1 | C3: Mukesh Gupta | E3: 2600
A4: =vlookup(C4,'Refernce Sheet'!A:B,2,FALSE) -> KG3 | C4: Usha | E4: 2600
A5: =vlookup(C5,'Refernce Sheet'!A:B,2,FALSE) -> VS2 | C5: Srikanteshwar J S | E5: 2600
A6: =vlookup(C6,'Refernce Sheet'!A:B,2,FALSE) -> KF2 | C6: IMPS 9193..... 11122 | E6: 2600
A7: =vlookup(C7,'Refernce Sheet'!A:B,2,FALSE) -> KF3 | C7: Varun | E7: 2600
A8: =vlookup(C8,'Refernce Sheet'!A:B,2,FALSE) -> #N/A | C8: Raghavendra BH | E8: 2600
A9: =vlookup(C9,'Refernce Sheet'!A:B,2,FALSE) -> RG1 | C9: Megana | E9: 2600
A10: =vlookup(C10,'Refernce Sheet'!A:B,2,FALSE) -> KS1 | C10: Ramesh Joshi | E10: 2600
A11: =vlookup(C11,'Refernce Sheet'!A:B,2,FALSE) -> RG2 | C11: Lakshmi Narayana | E11: 2600
A12: =vlookup(C12,'Refernce Sheet'!A:B,2,FALSE) -> KG4 | C12: Srikanth Belihalli | E12: 2600
A13: =vlookup(C13,'Refernce Sheet'!A:B,2,FALSE) -> VF1 | C13: Pusha Badmi | E13: 2600
A14: =vlookup(C14,'Refernce Sheet'!A:B,2,FALSE) -> VF2 | C14: Ramesh Bembalore | E14: 2600
A15: =vlookup(C15,'Refernce Sheet'!A:B,2,FALSE) -> Maintenance | C15: Mariswamy | D15: 11000
A16: =vlookup(C16,'Refernce Sheet'!A:B,2,FALSE) -> RS3 | C16: Kiran M S | E16: 2600
A17: =vlookup(C17,'Refernce Sheet'!A:B,2,FALSE) -> Security | C17: Karthik K C | D17: 27500
A18: =vlookup(C18,'Refernce Sheet'!A:B,2,FALSE) -> RF2 | C18: Sunitha Sudharshan | E18: 2600
A19: =vlookup(C19,'Refernce Sheet'!A:B,2,FALSE) -> KS2 | C19: Venkataramana | E19: 2600
A20: =vlookup(C20,'Refernce Sheet'!A:B,2,FALSE) -> RG3 | C20: IMPS - No Number | E20: 2600
A21: =vlookup(C21,'Refernce Sheet'!A:B,2,FALSE) -> VF3 | C21: Manu | E21: 2600
A22: =vlookup(C22,'Refernce Sheet'!A:B,2,FALSE) -> RF3 | C22: Rohit Kumar | E22: 2600
A23: =vlookup(C23,'Refernce Sheet'!A:B,2,FALSE) -> VS3 | C23: Sai Prasad | E23: 2600
A24: =vlookup(C24,'Refernce Sheet'!A:B,2,FALSE) -> KF4 | C24: Aneesh Venkatesh | E24: 15600 | G24: =E24/2600 -> 6
A25: =vlookup(C25,'Refernce Sheet'!A:B,2,FALSE) -> KG2 | C25: Ramesh Mani | E25: 2600
A26: =vlookup(C26,'Refernce Sheet'!A:B,2,FALSE) -> BESCOM | C26: BESCOM | D26: 2289
A27: =vlookup(C27,'Refernce Sheet'!A:B,2,FALSE) -> BESCOM | C27: BESCOM | D27: 2202
A28: =vlookup(C28,'Refernce Sheet'!A:B,2,FALSE) -> BESCOM | C28: BESCOM | D28: 5837
A29: =vlookup(C29,'Refernce Sheet'!A:B,2,FALSE) -> Lift | C29: Bharath Elevator | D29: 15000
A30: =vlookup(C30,'Refernce Sheet'!A:B,2,FALSE) -> KS3 | C30: Shyalaja | E30: 5200
A31: =vlookup(C31,'Refernce Sheet'!A:B,2,FALSE) -> BWSSB | C31: Bangalore One | D31: 7457
F32: Bal as of 31st
D33: =SUM(D2:D31) -> 71285 | E33: =SUM(E2:E31) -> 958391.7 | F33: =E33-D33 -> 887106.7

Sheet Oct 2024
D1: Dr | E1: Cr
A2: Appartment | B2: Date | C2: Name | E2: 887106.7
A3: =vlookup(C3,'Refernce Sheet'!A:B,2,FALSE) -> BESCOM | C3: BESCOM | D3: 2144
A4: =vlookup(C4,'Refernce Sheet'!A:B,2,FALSE) -> BESCOM | C4: BESCOM | D4: 5359
A5: =vlookup(C5,'Refernce Sheet'!A:B,2,FALSE) -> BESCOM | C5: BESCOM | D5: 2132
A6: =vlookup(C6,'Refernce Sheet'!A:B,2,FALSE) -> Cash | C6: Self | D6: 15000
A7: =vlookup(C7,'Refernce Sheet'!A:B,2,FALSE) -> Generator | C7: ManiKantan | D7: 9649
A8: =vlookup(C8,'Refernce Sheet'!A:B,2,FALSE) -> KF1 | C8: Nayak | E8: 2600
A9: =vlookup(C9,'Refernce Sheet'!A:B,2,FALSE) -> KF2 | C9: IMPS 9193..... 11122 | E9: 2600
A10: =vlookup(C10,'Refernce Sheet'!A:B,2,FALSE) -> KF3 | C10: Varun | E10: 2600
A11: =vlookup(C11,'Refernce Sheet'!A:B,2,FALSE) -> #N/A | C11: Raghavendra BH | E11: 2600
A12: =vlookup(C12,'Refernce Sheet'!A:B,2,FALSE) -> KG2 | C12: Ramesh Mani | E12: 2600
A13: =vlookup(C13,'Refernce Sheet'!A:B,2,FALSE) -> KG3 | C13: Usha | E13: 2600
A14: =vlookup(C14,'Refernce Sheet'!A:B,2,FALSE) -> KG3 | C14: Usha | E14: 2600
A15: =vlookup(C15,'Refernce Sheet'!A:B,2,FALSE) -> KG4 | C15: Srikanth Belihalli | E15: 2600
A16: =vlookup(C16,'Refernce Sheet'!A:B,2,FALSE) -> KS1 | C16: Ramesh Joshi | E16: 2600
A17: =vlookup(C17,'Refernce Sheet'!A:B,2,FALSE) -> KS2 | C17: Venkataramana | E17: 2600
A18: =vlookup(C18,'Refernce Sheet'!A:B,2,FALSE) -> Lift | C18: Bharath Elevator | D18: 15680
A19: =vlookup(C19,'Refernce Sheet'!A:B,2,FALSE) -> Maintenance | C19: Mariswamy | D19: 11000
A20: =vlookup(C20,'Refernce Sheet'!A:B,2,FALSE) -> BWSSB | C20: Bangalore One | D20: 7850
A21: =vlookup(C21,'Refernce Sheet'!A:B,2,FALSE) -> RF2 | C21: Sunitha Sudharshan | E21: 2600
A22: =vlookup(C22,'Refernce Sheet'!A:B,2,FALSE) -> RF3 | C22: Rohit Kumar | E22: 2600
A23: =vlookup(C23,'Refernce Sheet'!A:B,2,FALSE) -> RG2 | C23: Lakshmi Narayana | E23: 2600
A24: =vlookup(C24,'Refernce Sheet'!A:B,2,FALSE) -> RG3 | C24: IMPS - No Number | E24: 2600
A25: =vlookup(C25,'Refernce Sheet'!A:B,2,FALSE) -> RS2 | C25: Neha | E25: 2600
A26: =vlookup(C26,'Refernce Sheet'!A:B,2,FALSE) -> RS3 | C26: Kiran M S | E26: 2600
A27: =vlookup(C27,'Refernce Sheet'!A:B,2,FALSE) -> Security | C27: Karthik K C | D27: 27500
A28: =vlookup(C28,'Refernce Sheet'!A:B,2,FALSE) -> VF1 | C28: Pusha Badmi | E28: 2600
A29: =vlookup(C29,'Refernce Sheet'!A:B,2,FALSE) -> VF2 | C29: Ramesh Bembalore | E29: 2600
A30: =vlookup(C30,'Refernce Sheet'!A:B,2,FALSE) -> VF3 | C30: Manu | E30: 2600
A31: =vlookup(C31,'Refernce Sheet'!A:B,2,FALSE) -> VG1 | C31: Mukesh Gupta | E31: 2600
A32: =vlookup(C32,'Refernce Sheet'!A:B,2,FALSE) -> VG2 | C32: Swathi | E32: 7800
A33: =vlookup(C33,'Refernce Sheet'!A:B,2,FALSE) -> VG3 | C33: PaniRaj | E33: 7800
A34: =vlookup(C34,'Refernce Sheet'!A:B,2,FALSE) -> VS2 | C34: Srikanteshwar J S | E34: 2600
A35: =vlookup(C35,'Refernce Sheet'!A:B,2,FALSE) -> VS3 | C35: Sai Prasad | E35: 2600
F37: Bal as of 31st
D38: =SUM(D2:D37) -> 96314 | E38: =SUM(E2:E37) -> 959906.7 | F38: =E38-D38 -> 863592.7

Sheet Nov 2024
D1: Dr | E1: Cr
A2: Appartment | B2: Date | C2: Name | E2: 863592.7
A3: =vlookup(C3,'Refernce Sheet'!A:B,2,FALSE) -> Bank | C3: Bank Charges | D3: 118
A4: =vlookup(C4,'Refernce Sheet'!A:B,2,FALSE) -> BESCOM | C4: BESCOM | D4: 5596
A5: =vlookup(C5,'Refernce Sheet'!A:B,2,FALSE) -> BESCOM | C5: BESCOM | D5: 2160
A6: =vlookup(C6,'Refernce Sheet'!A:B,2,FALSE) -> BESCOM | C6: BESCOM | D6: 2209
A7: =vlookup(C7,'Refernce Sheet'!A:B,2,FALSE) -> Cash | C7: Self | D7: 20000
A8: =vlookup(C8,'Refernce Sheet'!A:B,2,FALSE) -> KF1 | C8: Nayak | E8: 5200
A9: =vlookup(C9,'Refernce Sheet'!A:B,2,FALSE) -> KF2 | C9: IMPS 9193..... 11122 | E9: 2600
A10: =vlookup(C10,'Refernce Sheet'!A:B,2,FALSE) -> KF3 | C10: Varun | E10: 2600
A11: =vlookup(C11,'Refernce Sheet'!A:B,2,FALSE) -> #N/A | C11: Raghavendra BH | E11: 2600
A12: =vlookup(C12,'Refernce Sheet'!A:B,2,FALSE) -> KG2 | C12: Ramesh Mani | E12: 2600
A13: =vlookup(C13,'Refernce Sheet'!A:B,2,FALSE) -> KG3 | C13: Usha | E13: 2600
A14: =vlookup(C14,'Refernce Sheet'!A:B,2,FALSE) -> KG4 | C14: Srikanth Belihalli | E14: 2600
A15: =vlookup(C15,'Refernce Sheet'!A:B,2,FALSE) -> KS1 | C15: Ramesh Joshi | E15: 2600
A16: =vlookup(C16,'Refernce Sheet'!A:B,2,FALSE) -> KS2 | C16: Venkataramana | E16: 2600
A17: =vlookup(C17,'Refernce Sheet'!A:B,2,FALSE) -> KS3 | C17: Shyalaja | E17: 5200
A18: =vlookup(C18,'Refernce Sheet'!A:B,2,FALSE) -> KS4 | C18: Srekanth S N | E18: 7800
A19: =vlookup(C19,'Refernce Sheet'!A:B,2,FALSE) -> Lift | C19: Bharath Elevator | D19: 22199
A20: =vlookup(C20,'Refernce Sheet'!A:B,2,FALSE) -> Maintenance | C20: Mariswamy | D20: 11000
A21: =vlookup(C21,'Refernce Sheet'!A:B,2,FALSE) -> BWSSB | C21: Bangalore One | D21: 7530
A22: =vlookup(C22,'Refernce Sheet'!A:B,2,FALSE) -> RF2 | C22: Sunitha Sudharshan | E22: 2600
A23: =vlookup(C23,'Refernce Sheet'!A:B,2,FALSE) -> RF3 | C23: Rohit Kumar | E23: 2600
A24: =vlookup(C24,'Refernce Sheet'!A:B,2,FALSE) -> RG1 | C24: Megana | E24: 2600
A25: =vlookup(C25,'Refernce Sheet'!A:B,2,FALSE) -> RG2 | C25: Lakshmi Narayana | E25: 2600
A26: =vlookup(C26,'Refernce Sheet'!A:B,2,FALSE) -> RG3 | C26: IMPS - No Number | E26: 2600
A27: =vlookup(C27,'Refernce Sheet'!A:B,2,FALSE) -> RS2 | C27: Neha | E27: 2600
A28: =vlookup(C28,'Refernce Sheet'!A:B,2,FALSE) -> RS3 | C28: Kiran M S | E28: 2600
A29: =vlookup(C29,'Refernce Sheet'!A:B,2,FALSE) -> Security | C29: Karthik K C | D29: 27500
A30: =vlookup(C30,'Refernce Sheet'!A:B,2,FALSE) -> VF1 | C30: Pusha Badmi | E30: 2600
A31: =vlookup(C31,'Refernce Sheet'!A:B,2,FALSE) -> VF2 | C31: Ramesh Bembalore | E31: 2600
A32: =vlookup(C32,'Refernce Sheet'!A:B,2,FALSE) -> VF3 | C32: Manu | E32: 2600
A33: =vlookup(C33,'Refernce Sheet'!A:B,2,FALSE) -> VG1 | C33: Mukesh Gupta | E33: 2600
A34: =vlookup(C34,'Refernce Sheet'!A:B,2,FALSE) -> VS2 | C34: Srikanteshwar J S | E34: 2600
A35: =vlookup(C35,'Refernce Sheet'!A:B,2,FALSE) -> VS3 | C35: Sai Prasad | E35: 2600
F38: Bal as of 31st
D39: =SUM(D3:D38) -> 98312 | E39: =sum(E3:E38) -> 72800 | F39: =E39-D39 -> -25512
E41: =E2+F39 -> 838080.7

Sheet Dec 2024
D1: Dr | E1: Cr
A2: Appartment | B2: Date | C2: Name | E2: 838080.7
A3: =vlookup(C3,'Refernce Sheet'!A:B,2,FALSE) -> RS2 | C3: Neha | E3: 2600
A4: =vlookup(C4,'Refernce Sheet'!A:B,2,FALSE) -> KG4 | C4: Srikanth Belihalli | E4: 2600
A5: =vlookup(C5,'Refernce Sheet'!A:B,2,FALSE) -> RG1 | C5: Megana | E5: 2600
A6: =vlookup(C6,'Refernce Sheet'!A:B,2,FALSE) -> VF1 | C6: Sujatha | E6: 2600
A7: =vlookup(C7,'Refernce Sheet'!A:B,2,FALSE) -> KF2 | C7: IMPS 9193..... 11122 | E7: 2600
A8: =vlookup(C8,'Refernce Sheet'!A:B,2,FALSE) -> KS1 | C8: Ramesh Joshi | E8: 2600
A9: =vlookup(C9,'Refernce Sheet'!A:B,2,FALSE) -> #N/A | C9: Raghavendra BH | E9: 2600
A10: =vlookup(C10,'Refernce Sheet'!A:B,2,FALSE) -> RG2 | C10: Lakshmi Narayana | E10: 2600
A11: =vlookup(C11,'Refernce Sheet'!A:B,2,FALSE) -> VF2 | C11: Ramesh Bembalore | E11: 2600
A12: =vlookup(C12,'Refernce Sheet'!A:B,2,FALSE) -> KF3 | C12: Varun | E12: 2600
A13: =vlookup(C13,'Refernce Sheet'!A:B,2,FALSE) -> KS2 | C13: Venkataramana | E13: 2600
A14: =vlookup(C14,'Refernce Sheet'!A:B,2,FALSE) -> RS3 | C14: Kiran M S | E14: 2600
A15: =vlookup(C15,'Refernce Sheet'!A:B,2,FALSE) -> Security | C15: Karthik K C | D15: 27500
A16: =vlookup(C16,'Refernce Sheet'!A:B,2,FALSE) -> VF3 | C16: Manu | E16: 2600
A17: =vlookup(C17,'Refernce Sheet'!A:B,2,FALSE) -> VG1 | C17: Mukesh Gupta | E17: 2600
A18: =vlookup(C18,'Refernce Sheet'!A:B,2,FALSE) -> RG3 | C18: IMPS - No Number | E18: 2600
A19: =vlookup(C19,'Refernce Sheet'!A:B,2,FALSE) -> Maintenance | C19: Mariswamy | D19: 11000
A20: =vlookup(C20,'Refernce Sheet'!A:B,2,FALSE) -> VS3 | C20: Sai Prasad | E20: 2600
A21: =vlookup(C21,'Refernce Sheet'!A:B,2,FALSE) -> VS2 | C21: Srikanteshwar J S | E21: 2600
A22: =vlookup(C22,'Refernce Sheet'!A:B,2,FALSE) -> RF3 | C22: Rohit Kumar | E22: 2600
A23: =vlookup(C23,'Refernce Sheet'!A:B,2,FALSE) -> RF2 | C23: Sunitha Sudharshan | E23: 2600
A24: =vlookup(C24,'Refernce Sheet'!A:B,2,FALSE) -> Garden | C24: Pruthiv | D24: 45000
A25: =vlookup(C25,'Refernce Sheet'!A:B,2,FALSE) -> KG2 | C25: Ramesh Mani | E25: 2600
A26: =vlookup(C26,'Refernce Sheet'!A:B,2,FALSE) -> RG1 | C26: Megana | E26: 2600
A27: =vlookup(C27,'Refernce Sheet'!A:B,2,FALSE) -> Garden | C27: Pruthiv | D27: 47000
A28: =vlookup(C28,'Refernce Sheet'!A:B,2,FALSE) -> BESCOM | C28: BESCOM | D28: 5354
A29: =vlookup(C29,'Refernce Sheet'!A:B,2,FALSE) -> BESCOM | C29: BESCOM | D29: 2107
A30: =vlookup(C30,'Refernce Sheet'!A:B,2,FALSE) -> BESCOM | C30: BESCOM | D30: 2223
A31: =vlookup(C31,'Refernce Sheet'!A:B,2,FALSE) -> Garden | C31: Pruthiv | D31: 23000
A32: =vlookup(C32,'Refernce Sheet'!A:B,2,FALSE) -> BWSSB | C32: Bangalore One | D32: 7794
A33: =vlookup(C33,'Refernce Sheet'!A:B,2,FALSE) -> KF1 | C33: Nayak | E33: 2600
A34: =vlookup(C34,'Refernce Sheet'!A:B,2,FALSE) -> KG3 | C34: Usha | E34: 2600
A35: =vlookup(C35,'Refernce Sheet'!A:B,2,FALSE) -> #N/A
F38: Bal as of 31st
D39: =SUM(D3:D38) -> 170978 | E39: =sum(E3:E38) -> 59800 | F39: =E39-D39 -> -111178
E41: =E2+F39 -> 726902.7

Sheet Jan 2025
D1: Dr | E1: Cr
A2: Appartment | B2: Date | C2: Name | E2: 726902.7
A3: =vlookup(C3,'Refernce Sheet'!A:B,2,FALSE) -> RS2 | C3: Neha | E3: 2600
A4: =vlookup(C4,'Refernce Sheet'!A:B,2,FALSE) -> VG3 | C4: PaniRaj | E4: 7800
A5: =vlookup(C5,'Refernce Sheet'!A:B,2,FALSE) -> KF2 | C5: IMPS 9193..... 11122 | E5: 2600
A6: =vlookup(C6,'Refernce Sheet'!A:B,2,FALSE) -> VS2 | C6: Srikanteshwar J S | E6: 2600
A7: =vlookup(C7,'Refernce Sheet'!A:B,2,FALSE) -> KG4 | C7: Srikanth Belihalli | E7: 2600
A8: =vlookup(C8,'Refernce Sheet'!A:B,2,FALSE) -> #N/A | C8: Raghavendra BH | E8: 2600
A9: =vlookup(C9,'Refernce Sheet'!A:B,2,FALSE) -> KF3 | C9: Varun | E9: 2600
A10: =vlookup(C10,'Refernce Sheet'!A:B,2,FALSE) -> KS1 | C10: Ramesh Joshi | E10: 2600
A11: =vlookup(C11,'Refernce Sheet'!A:B,2,FALSE) -> RG1 | C11: Megana | E11: 2600
A12: =vlookup(C12,'Refernce Sheet'!A:B,2,FALSE) -> RG2 | C12: Lakshmi Narayana | E12: 2600
A13: =vlookup(C13,'Refernce Sheet'!A:B,2,FALSE) -> VF1 | C13: Sujatha | E13: 2600
A14: =vlookup(C14,'Refernce Sheet'!A:B,2,FALSE) -> KS2 | C14: Venkataramana | E14: 2600
... A16: =vlookup(C16,'Refernce Sheet'!A:B,2,FALSE) -> RS3 | C16: Kiran M S | E16: 2600
A17: =vlookup(C17,'Refernce Sheet'!A:B,2,FALSE) -> Maintenance | C17: Mariswamy | D17: 13000
A18: =vlookup(C18,'Refernce Sheet'!A:B,2,FALSE) -> RF2 | C18: Sunitha Sudharshan | E18: 2600
A19: =vlookup(C19,'Refernce Sheet'!A:B,2,FALSE) -> Security | C19: Karthik K C | D19: 27500
A20: =vlookup(C20,'Refernce Sheet'!A:B,2,FALSE) -> RG3 | C20: IMPS - No Number | E20: 2600
A21: =vlookup(C21,'Refernce Sheet'!A:B,2,FALSE) -> VG2 | C21: Swathi | E21: 7800
A22: =vlookup(C22,'Refernce Sheet'!A:B,2,FALSE) -> VS3 | C22: Sai Prasad | E22: 2600
A23: =vlookup(C23,'Refernce Sheet'!A:B,2,FALSE) -> VF2 | C23: Ramesh Bembalore | E23: 2600
A24: =vlookup(C24,'Refernce Sheet'!A:B,2,FALSE) -> KG2 | C24: Ramesh Mani | E24: 2600
A25: =vlookup(C25,'Refernce Sheet'!A:B,2,FALSE) -> BESCOM | C25: BESCOM | D25: 2182
A26: =vlookup(C26,'Refernce Sheet'!A:B,2,FALSE) -> BESCOM | C26: BESCOM | D26: 2274
A27: =vlookup(C27,'Refernce Sheet'!A:B,2,FALSE) -> BESCOM | C27: BESCOM | D27: 5214
A28: =vlookup(C28,'Refernce Sheet'!A:B,2,FALSE) -> VG1 | C28: Mukesh Gupta | E28: 2600
A29: =vlookup(C29,'Refernce Sheet'!A:B,2,FALSE) -> BWSSB | C29: Bangalore One | D29: 7838
A30: =vlookup(C30,'Refernce Sheet'!A:B,2,FALSE) -> Cash | C30: Self | D30: 30000
A31: =vlookup(C31,'Refernce Sheet'!A:B,2,FALSE) -> KF1 | C31: Nayak | E31: 2600
A32: =vlookup(C32,'Refernce Sheet'!A:B,2,FALSE) -> #N/A
A33: =vlookup(C33,'Refernce Sheet'!A:B,2,FALSE) -> #N/A
A34: =vlookup(C34,'Refernce Sheet'!A:B,2,FALSE) -> #N/A
A35: =vlookup(C35,'Refernce Sheet'!A:B,2,FALSE) -> #N/A
D36: Dr | E36: Cr
F38: Bal as of 31st
D39: =SUM(D3:D38) -> 88008 | E39: =sum(E2:E38) -> 794502.7 | F39: =E39-D39 -> 706494.7

Sheet Feb 2025
A1: Appartment | B1: Date | C1: Name | E1: 706494.7
A2: =vlookup(C2,'Refernce Sheet'!A:B,2,FALSE) -> KG3 | C2: Usha | E2: 2600
A3: =vlookup(C3,'Refernce Sheet'!A:B,2,FALSE) -> KG4 | C3: Srikanth Belihalli | E3: 2600
A4: =vlookup(C4,'Refernce Sheet'!A:B,2,FALSE) -> RS2 | C4: Neha | E4: 2600
A5: =vlookup(C5,'Refernce Sheet'!A:B,2,FALSE) -> RG1 | C5: Megana | E5: 2600
A6: =vlookup(C6,'Refernce Sheet'!A:B,2,FALSE) -> KS1 | C6: Ramesh Joshi | E6: 2600
A7: =vlookup(C7,'Refernce Sheet'!A:B,2,FALSE) -> KF2 | C7: IMPS 9193..... 11122 | E7: 2600
A8: =vlookup(C8,'Refernce Sheet'!A:B,2,FALSE) -> #N/A | C8: Raghavendra BH | E8: 2600
A9: =vlookup(C9,'Refernce Sheet'!A:B,2,FALSE) -> RG2 | C9: Lakshmi Narayana | E9: 2600
A10: =vlookup(C10,'Refernce Sheet'!A:B,2,FALSE) -> VF1 | C10: Sujatha | E10: 2600
A11: =vlookup(C11,'Refernce Sheet'!A:B,2,FALSE) -> KS2 | C11: Venkataramana | E11: 2600
A12: =vlookup(C12,'Refernce Sheet'!A:B,2,FALSE) -> VF2 | C12: Ramesh Bembalore | E12: 2600
A13: =vlookup(C13,'Refernce Sheet'!A:B,2,FALSE) -> KS4 | C13: Srekanth S N | E13: 5200
... A19: =vlookup(C19,'Refernce Sheet'!A:B,2,FALSE) -> RF2 | C19: Sunitha Sudharshan | E19: 2600
A20: =vlookup(C20,'Refernce Sheet'!A:B,2,FALSE) -> Maintenance | C20: Mariswamy | D20: 15000
A21: =vlookup(C21,'Refernce Sheet'!A:B,2,FALSE) -> VS3 | C21: Sai Prasad | E21: 2600
A22: =vlookup(C22,'Refernce Sheet'!A:B,2,FALSE) -> RG3 | C22: IMPS - No Number | E22: 2600
A23: =vlookup(C23,'Refernce Sheet'!A:B,2,FALSE) -> RF3 | C23: Rohit Kumar | E23: 5200
A24: =vlookup(C24,'Refernce Sheet'!A:B,2,FALSE) -> Security | C24: Karthik K C | D24: 27500
A25: =vlookup(C25,'Refernce Sheet'!A:B,2,FALSE) -> KG2 | C25: Ramesh Mani | E25: 2600
A26: =vlookup(C26,'Refernce Sheet'!A:B,2,FALSE) -> Cash | B26: 13/2/2025 | C26: Self | D26: 600000 | F26: FD Deposit
A27: =vlookup(C27,'Refernce Sheet'!A:B,2,FALSE) -> VG1 | C27: Mukesh Gupta | E27: 2600
A28: =vlookup(C28,'Refernce Sheet'!A:B,2,FALSE) -> BWSSB | C28: Bangalore One | D28: 2380 | F28: Mistake Amount
A29: =vlookup(C29,'Refernce Sheet'!A:B,2,FALSE) -> BESCOM | C29: BESCOM | D29: 2164
A30: =vlookup(C30,'Refernce Sheet'!A:B,2,FALSE) -> BESCOM | C30: BESCOM | D30: 5258
A31: =vlookup(C31,'Refernce Sheet'!A:B,2,FALSE) -> BESCOM | C31: BESCOM | D31: 2299
A32: =vlookup(C32,'Refernce Sheet'!A:B,2,FALSE) -> KF1 | C32: Nayak | E32: 2600
A33: =vlookup(C33,'Refernce Sheet'!A:B,2,FALSE) -> RS3 | C33: Kiran M S | E33: 2380 | F33: Reversal of above
A34: =vlookup(C34,'Refernce Sheet'!A:B,2,FALSE) -> #N/A
D35: Dr | E35: Cr
F37: Bal as of 31st
D38: =SUM(D2:D37) -> 654601 | E38: =sum(E1:E37) -> 779074.7 | F38: =E38-D38 -> 124473.7

Sheet Mar 2025
A1: Appartment | B1: Date | C1: Name | E1: 124473.7
A2: =vlookup(C2,'Refernce Sheet'!A:B,2,FALSE) -> KG3 | C2: Usha | E2: 2600
A3: =vlookup(C3,'Refernce Sheet'!A:B,2,FALSE) -> RG2 | C3: Lakshmi Narayana | E3: 2600
A4: =vlookup(C4,'Refernce Sheet'!A:B,2,FALSE) -> KF2 | C4: IMPS 9193..... 11122 | E4: 2600
A5: =vlookup(C5,'Refernce Sheet'!A:B,2,FALSE) -> RS2 | C5: Neha | E5: 2600
A6: =vlookup(C6,'Refernce Sheet'!A:B,2,FALSE) -> #N/A | C6: Raghavendra BH | E6: 2600
A7: =vlookup(C7,'Refernce Sheet'!A:B,2,FALSE) -> RG1 | C7: Megana | E7: 2600
A8: =vlookup(C8,'Refernce Sheet'!A:B,2,FALSE) -> KS1 | C8: Ramesh Joshi | E8: 2600
A9: =vlookup(C9,'Refernce Sheet'!A:B,2,FALSE) -> KS2 | C9: Venkataramana | E9: 2600
A10: =vlookup(C10,'Refernce Sheet'!A:B,2,FALSE) -> VF1 | C10: Pusha Badmi | E10: 2600
A11: =vlookup(C11,'Refernce Sheet'!A:B,2,FALSE) -> VF2 | C11: Ramesh Bembalore | E11: 2600
A12: =vlookup(C12,'Refernce Sheet'!A:B,2,FALSE) -> VS2 | C12: Srikanteshwar J S | E12: 2600
A13: =vlookup(C13,'Refernce Sheet'!A:B,2,FALSE) -> VF3 | C13: Manu | E13: 2600
... A17: =vlookup(C17,'Refernce Sheet'!A:B,2,FALSE) -> RG3 | C17: IMPS - No Number | E17: 2600
A18: =vlookup(C18,'Refernce Sheet'!A:B,2,FALSE) -> Security | B18: 45723 | C18: Karthik K C | D18: 27500
A19: =vlookup(C19,'Refernce Sheet'!A:B,2,FALSE) -> Maintenance | B19: 45723 | C19: Mariswamy | D19: 15000
A20: =vlookup(C20,'Refernce Sheet'!A:B,2,FALSE) -> RF3 | C20: Rohit Kumar | E20: 2600
A21: =vlookup(C21,'Refernce Sheet'!A:B,2,FALSE) -> VS3 | C21: Sai Prasad | E21: 2600
A22: =vlookup(C22,'Refernce Sheet'!A:B,2,FALSE) -> KG2 | C22: Ramesh Mani | E22: 2600
A23: =vlookup(C23,'Refernce Sheet'!A:B,2,FALSE) -> BWSSB | B23: 45728 | C23: Bangalore One | D23: 7822
A24: =vlookup(C24,'Refernce Sheet'!A:B,2,FALSE) -> BESCOM | B24: 45733 | C24: BESCOM | D24: 2124
A25: =vlookup(C25,'Refernce Sheet'!A:B,2,FALSE) -> BESCOM | B25: 45733 | C25: BESCOM | D25: 5443
A26: =vlookup(C26,'Refernce Sheet'!A:B,2,FALSE) -> BESCOM | B26: 45733 | C26: BESCOM | D26: 2204
A27: =vlookup(C27,'Refernce Sheet'!A:B,2,FALSE) -> RS2 | C27: Neha | E27: 2600
A28: =vlookup(C28,'Refernce Sheet'!A:B,2,FALSE) -> #N/A | E28: 31698
A29: =vlookup(C29,'Refernce Sheet'!A:B,2,FALSE) -> KF4 | C29: Aneesh Venkatesh | E29: 15600
A30: =vlookup(C30,'Refernce Sheet'!A:B,2,FALSE) -> KG3 | C30: Usha | E30: 2600
A31: =vlookup(C31,'Refernce Sheet'!A:B,2,FALSE) -> KF1 | C31: Nayak | E31: 2600
A32: =vlookup(C32,'Refernce Sheet'!A:B,2,FALSE) -> #N/A
A33: =vlookup(C33,'Refernce Sheet'!A:B,2,FALSE) -> #N/A
A34: =vlookup(C34,'Refernce Sheet'!A:B,2,FALSE) -> #N/A
D35: Dr | E35: Cr
F37: Bal as of 31st
D38: =SUM(D2:D37) -> 60093 | E38: =sum(E1:E37) -> 228971.7 | F38: =E38-D38 -> 168878.7
E40: =E38-E2 -> 226371.7

Sheet Apr 2025
A1: Appartment | B1: Date | C1: Name | E1: 168878.7
A2: =vlookup(C2,'Refernce Sheet'!A:B,2,FALSE) -> KS2 | C2: Venkataramana | E2: 2600
A3: =vlookup(C3,'Refernce Sheet'!A:B,2,FALSE) -> RS2 | C3: Neha | E3: 2600
A4: =vlookup(C4,'Refernce Sheet'!A:B,2,FALSE) -> RG1 | C4: Megana | E4: 2600
A5: =vlookup(C5,'Refernce Sheet'!A:B,2,FALSE) -> KF2 | C5: IMPS 9193..... 11122 | E5: 2600
A6: =vlookup(C6,'Refernce Sheet'!A:B,2,FALSE) -> VG3 | C6: PaniRaj | E6: 7800
A7: =vlookup(C7,'Refernce Sheet'!A:B,2,FALSE) -> KF3 | C7: Varun | E7: 2600
A8: =vlookup(C8,'Refernce Sheet'!A:B,2,FALSE) -> KG2 | C8: Ramesh Mani | E8: 2600
A9: =vlookup(C9,'Refernce Sheet'!A:B,2,FALSE) -> VS2 | C9: Srikanteshwar J S | E9: 2600
A10: =vlookup(C10,'Refernce Sheet'!A:B,2,FALSE) -> Cash | C10: Self | D10: 25000
A11: =vlookup(C11,'Refernce Sheet'!A:B,2,FALSE) -> #N/A | C11: Raghavendra BH | E11: 2600
A12: =vlookup(C12,'Refernce Sheet'!A:B,2,FALSE) -> KS4 | C12: Srekanth S N | E12: 2600
A13: =vlookup(C13,'Refernce Sheet'!A:B,2,FALSE) -> KS1 | C13: Ramesh Joshi | E13: 2600
A14: =vlookup(C14,'Refernce Sheet'!A:B,2,FALSE) -> KS3 | C14: Shyalaja | E14: 5200
A15: =vlookup(C15,'Refernce Sheet'!A:B,2,FALSE) -> VF1 | C15: Pusha Badmi | E15: 2600
A16: =vlookup(C16,'Refernce Sheet'!A:B,2,FALSE) -> KG4 | C16: Srikanth Belihalli | E16: 2600
A17: =vlookup(C17,'Refernce Sheet'!A:B,2,FALSE) -> KG4 | C17: Srikanth Belihalli | E17: 2600
A18: =vlookup(C18,'Refernce Sheet'!A:B,2,FALSE) -> VG1 | C18: Mukesh Gupta | E18: 5200
A19: =vlookup(C19,'Refernce Sheet'!A:B,2,FALSE) -> VF2 | C19: Ramesh Bembalore | E19: 2600
A20: =vlookup(C20,'Refernce Sheet'!A:B,2,FALSE) -> RF3 | C20: Rohit Kumar | E20: 2600
A21: =vlookup(C21,'Refernce Sheet'!A:B,2,FALSE) -> Maintenance | B21: 45754 | C21: Mariswamy | D21: 15000
A22: =vlookup(C22,'Refernce Sheet'!A:B,2,FALSE) -> RF2 | C22: Sunitha Sudharshan | E22: 2600
A23: =vlookup(C23,'Refernce Sheet'!A:B,2,FALSE) -> Bank | C23: Bank Charges | D23: 11.8
A24: =vlookup(C24,'Refernce Sheet'!A:B,2,FALSE) -> RG3 | C24: IMPS - No Number | E24: 2600
A25: =vlookup(C25,'Refernce Sheet'!A:B,2,FALSE) -> VS1 | C25: Prakash H S | E25: 31200 | F25: Prakash
A26: =vlookup(C26,'Refernce Sheet'!A:B,2,FALSE) -> VF3 | C26: Manu | E26: 2600
A27: RF1 | C27: Venkatesh Reddy | E27: 31200 | F27: Venkatesh Reddy
A28: =vlookup(C28,'Refernce Sheet'!A:B,2,FALSE) -> Security | B28: 45762 | C28: Karthik K C | D28: 29000
A29: =vlookup(C29,'Refernce Sheet'!A:B,2,FALSE) -> BWSSB | B29: 45763 | C29: Bangalore One | D29: 8278
A30: =vlookup(C30,'Refernce Sheet'!A:B,2,FALSE) -> RG2 | C30: Lakshmi Narayana | E30: 2600
A31: =vlookup(C31,'Refernce Sheet'!A:B,2,FALSE) -> BESCOM | B31: 45764 | C31: BESCOM | D31: 2302
A32: =vlookup(C32,'Refernce Sheet'!A:B,2,FALSE) -> BESCOM | B32: 45764 | C32: BESCOM | D32: 5986
A33: =vlookup(C33,'Refernce Sheet'!A:B,2,FALSE) -> BESCOM | B33: 45764 | C33: BESCOM | D33: 2250
A34: =vlookup(C34,'Refernce Sheet'!A:B,2,FALSE) -> Lift | C34: Bharath Elevator | D34: 23306
A35: =vlookup(C35,'Refernce Sheet'!A:B,2,FALSE) -> VS3 | C35: Sai Prasad | E35: 2600
A36: =vlookup(C36,'Refernce Sheet'!A:B,2,FALSE) -> VG2 | C36: Swathi | E36: 7800
A37: =vlookup(C37,'Refernce Sheet'!A:B,2,FALSE) -> #N/A
A38: =vlookup(C38,'Refernce Sheet'!A:B,2,FALSE) -> #N/A
D40: =SUM(D2:D38) -> 111133.8 | E40: =SUM(E1:E38) -> 309278.7 | F40: =E40-D40 -> 198144.9

Sheet May 2025
A1: Appartment | B1: Date | C1: Name | E1: 198144.9
A2: =vlookup(C2,'Refernce Sheet'!A:B,2,FALSE) -> KG3 | C2: Usha | E2: 2600
A3: =vlookup(C3,'Refernce Sheet'!A:B,2,FALSE) -> KS2 | C3: Venkataramana | E3: 2600
A4: =vlookup(C4,'Refernce Sheet'!A:B,2,FALSE) -> KG4 | C4: Srikanth Belihalli | E4: 2600
A5: =vlookup(C5,'Refernce Sheet'!A:B,2,FALSE) -> RG1 | C5: Megana | E5: 2600
A6: =vlookup(C6,'Refernce Sheet'!A:B,2,FALSE) -> KS4 | C6: Srekanth S N | E6: 5200
A7: =vlookup(C7,'Refernce Sheet'!A:B,2,FALSE) -> RG2 | C7: Lakshmi Narayana | E7: 2600
A8: =vlookup(C8,'Refernce Sheet'!A:B,2,FALSE) -> KF2 | C8: IMPS 9193..... 11122 | E8: 2600
A9: =vlookup(C9,'Refernce Sheet'!A:B,2,FALSE) -> KF3 | C9: Varun | E9: 2600
A10: =vlookup(C10,'Refernce Sheet'!A:B,2,FALSE) -> #N/A | C10: Raghavendra BH | E10: 2600
A11: =vlookup(C11,'Refernce Sheet'!A:B,2,FALSE) -> KG2 | C11: Ramesh Mani | E11: 2600
A12: =vlookup(C12,'Refernce Sheet'!A:B,2,FALSE) -> VG1 | C12: Mukesh Gupta | E12: 2600
A13: =vlookup(C13,'Refernce Sheet'!A:B,2,FALSE) -> KS1 | C13: Ramesh Joshi | E13: 2600
... A15: =vlookup(C15,'Refernce Sheet'!A:B,2,FALSE) -> VS2 | C15: Srikanteshwar J S | E15: 2600
A16: =vlookup(C16,'Refernce Sheet'!A:B,2,FALSE) -> Maintenance | B16: 45783 | C16: Mariswamy | D16: 15000
A17: =vlookup(C17,'Refernce Sheet'!A:B,2,FALSE) -> RF2 | C17: Sunitha Sudharshan | E17: 2600
A18: =vlookup(C18,'Refernce Sheet'!A:B,2,FALSE) -> RS2 | C18: Neha | E18: 2600
A19: =vlookup(C19,'Refernce Sheet'!A:B,2,FALSE) -> Security | B19: 45785 | C19: Karthik K C | D19: 29000
A20: =vlookup(C20,'Refernce Sheet'!A:B,2,FALSE) -> RF3 | C20: Rohit Kumar | E20: 2600
A21: =vlookup(C21,'Refernce Sheet'!A:B,2,FALSE) -> RG3 | C21: IMPS - No Number | E21: 2600
A22: =vlookup(C22,'Refernce Sheet'!A:B,2,FALSE) -> VF3 | C22: Manu | E22: 2600
A23: =vlookup(C23,'Refernce Sheet'!A:B,2,FALSE) -> VS3 | C23: Sai Prasad | E23: 2600
A24: =vlookup(C24,'Refernce Sheet'!A:B,2,FALSE) -> BESCOM | B24: 17/05/2025 | C24: BESCOM | D24: 2574
A25: =vlookup(C25,'Refernce Sheet'!A:B,2,FALSE) -> BESCOM | B25: 17/05/2025 | C25: BESCOM | D25: 2568
A26: =vlookup(C26,'Refernce Sheet'!A:B,2,FALSE) -> BESCOM | B26: 17/05/2025 | C26: BESCOM | D26: 6366
A27: =vlookup(C27,'Refernce Sheet'!A:B,2,FALSE) -> BWSSB | B27: 21/05/2025 | C27: Bangalore One | D27: 9950
A28: =vlookup(C28,'Refernce Sheet'!A:B,2,FALSE) -> #N/A
A29: =vlookup(C29,'Refernce Sheet'!A:B,2,FALSE) -> #N/A
A30: =vlookup(C30,'Refernce Sheet'!A:B,2,FALSE) -> #N/A
A31: =vlookup(C31,'Refernce Sheet'!A:B,2,FALSE) -> #N/A
A32: =vlookup(C32,'Refernce Sheet'!A:B,2,FALSE) -> #N/A
A33: =vlookup(C33,'Refernce Sheet'!A:B,2,FALSE) -> #N/A
A34: =vlookup(C34,'Refernce Sheet'!A:B,2,FALSE) -> #N/A
D36: =SUM(D2:D34) -> 65458 | E36: =SUM(E2:E34) -> 54600 | F36: =E36+E1-D36 -> 187286.9

Sheet June 2025
A1: Appartment | B1: Date | C1: Name | E1: 187286.9
A2: =vlookup(C2,'Refernce Sheet'!A:B,2,FALSE) -> KG3 | C2: Usha | E2: 2600
A3: =vlookup(C3,'Refernce Sheet'!A:B,2,FALSE) -> RS2 | C3: Neha | E3: 2600
A4: =vlookup(C4,'Refernce Sheet'!A:B,2,FALSE) -> RG2 | C4: Lakshmi Narayana | E4: 2600
A5: =vlookup(C5,'Refernce Sheet'!A:B,2,FALSE) -> KS2 | C5: Venkataramana | E5: 2600
A6: =vlookup(C6,'Refernce Sheet'!A:B,2,FALSE) -> KF1 | C6: Nayak | E6: 5200
A7: =vlookup(C7,'Refernce Sheet'!A:B,2,FALSE) -> Bank | C7: Bank Charges | E7: 1302 | H7: =E36-E7 -> 52000
A8: =vlookup(C8,'Refernce Sheet'!A:B,2,FALSE) -> KG4 | C8: Srikanth Belihalli | E8: 2600
A9: =vlookup(C9,'Refernce Sheet'!A:B,2,FALSE) -> KF2 | C9: IMPS 9193..... 11122 | E9: 2600
A10: =vlookup(C10,'Refernce Sheet'!A:B,2,FALSE) -> KF3 | C10: Varun | E10: 2600
A11: =vlookup(C11,'Refernce Sheet'!A:B,2,FALSE) -> RG1 | C11: Megana | E11: 2600
A12: =vlookup(C12,'Refernce Sheet'!A:B,2,FALSE) -> VF1 | C12: Pusha Badmi | E12: 2600
A13: =vlookup(C13,'Refernce Sheet'!A:B,2,FALSE) -> KG2 | C13: Ramesh Mani | E13: 2600
A14: =vlookup(C14,'Refernce Sheet'!A:B,2,FALSE) -> VF3 | C14: Manu | E14: 2600
A15: =vlookup(C15,'Refernce Sheet'!A:B,2,FALSE) -> VS2 | C15: Srikanteshwar J S | E15: 2600
A16: =vlookup(C16,'Refernce Sheet'!A:B,2,FALSE) -> VF2 | C16: Ramesh Bembalore | E16: 2600
A17: =vlookup(C17,'Refernce Sheet'!A:B,2,FALSE) -> KS1 | C17: Ramesh Joshi | E17: 2600
A18: =vlookup(C18,'Refernce Sheet'!A:B,2,FALSE) -> Maintenance | B18: 45814 | C18: Mariswamy | D18: 15000
A19: =vlookup(C19,'Refernce Sheet'!A:B,2,FALSE) -> RF2 | C19: Sunitha Sudharshan | E19: 2600
A20: =vlookup(C20,'Refernce Sheet'!A:B,2,FALSE) -> RF3 | C20: Rohit Kumar | E20: 2600
A21: =vlookup(C21,'Refernce Sheet'!A:B,2,FALSE) -> VS3 | C21: Sai Prasad | E21: 2600
A22: =vlookup(C22,'Refernce Sheet'!A:B,2,FALSE) -> Security | B22: 45967 | C22: Karthik K C | D22: 29000
A23: =vlookup(C23,'Refernce Sheet'!A:B,2,FALSE) -> BESCOM | B23: 45825 | C23: BESCOM | D23: 2285
A24: =vlookup(C24,'Refernce Sheet'!A:B,2,FALSE) -> BESCOM | B24: 45825 | C24: BESCOM | D24: 2335
A25: =vlookup(C25,'Refernce Sheet'!A:B,2,FALSE) -> BESCOM | B25: 45825 | C25: BESCOM | D25: 5006
A26: =vlookup(C26,'Refernce Sheet'!A:B,2,FALSE) -> BWSSB | B26: 45827 | C26: Bangalore One | D26: 10250
A27: =vlookup(C27,'Refernce Sheet'!A:B,2,FALSE) -> RG3 | C27: IMPS - No Number | E27: 2600
A28: =vlookup(C28,'Refernce Sheet'!A:B,2,FALSE) -> #N/A
A29: =vlookup(C29,'Refernce Sheet'!A:B,2,FALSE) -> #N/A
A30: =vlookup(C30,'Refernce Sheet'!A:B,2,FALSE) -> #N/A
A31: =vlookup(C31,'Refernce Sheet'!A:B,2,FALSE) -> #N/A
A32: =vlookup(C32,'Refernce Sheet'!A:B,2,FALSE) -> #N/A
A33: =vlookup(C33,'Refernce Sheet'!A:B,2,FALSE) -> #N/A
A34: =vlookup(C34,'Refernce Sheet'!A:B,2,FALSE) -> #N/A
D36: =SUM(D2:D34) -> 63876 | E36: =SUM(E2:E34) -> 53302 | F36: =E36+E1-D36 -> 176712.9

Sheet Jul 2025
A1: Appartment | B1: Date | C1: Name | E1: 176712.9
A2: =vlookup(C2,'Refernce Sheet'!A:B,2,FALSE) -> KG3 | C2: Usha | E2: 2600
A3: =vlookup(C3,'Refernce Sheet'!A:B,2,FALSE) -> RS2 | C3: Neha | E3: 2600
A4: =vlookup(C4,'Refernce Sheet'!A:B,2,FALSE) -> KF1 | C4: Nayak | E4: 2600
A5: =vlookup(C5,'Refernce Sheet'!A:B,2,FALSE) -> VG3 | C5: PaniRaj | E5: 7800
A6: =vlookup(C6,'Refernce Sheet'!A:B,2,FALSE) -> KS2 | C6: Venkataramana | E6: 2600
A7: =vlookup(C7,'Refernce Sheet'!A:B,2,FALSE) -> RS3 | C7: Kiran M S | E7: 5200
A8: =vlookup(C8,'Refernce Sheet'!A:B,2,FALSE) -> VG2 | C8: Swathi | E8: 7800
A9: =vlookup(C9,'Refernce Sheet'!A:B,2,FALSE) -> KG4 | C9: Srikanth Belihalli | E9: 2600
A10: =vlookup(C10,'Refernce Sheet'!A:B,2,FALSE) -> #N/A | C10: Raghavendra BH | E10: 2600
A11: =vlookup(C11,'Refernce Sheet'!A:B,2,FALSE) -> KF2 | C11: IMPS 9193..... 11122 | E11: 2600
A12: =vlookup(C12,'Refernce Sheet'!A:B,2,FALSE) -> KF3 | C12: Varun | E12: 2600
A13: =vlookup(C13,'Refernce Sheet'!A:B,2,FALSE) -> KS1 | C13: Ramesh Joshi | E13: 2600
... A29: =vlookup(C29,'Refernce Sheet'!A:B,2,FALSE) -> VS3 | C29: Sai Prasad | E29: 2600
A30: =vlookup(C30,'Refernce Sheet'!A:B,2,FALSE) -> Security | B30: 45937 | C30: Karthik K C | D30: 29000
A31: =vlookup(C31,'Refernce Sheet'!A:B,2,FALSE) -> Maintenance | B31: 45968 | C31: Mariswamy | D31: 15000
A32: =vlookup(C32,'Refernce Sheet'!A:B,2,FALSE) -> BESCOM | B32: 17/07/2025 | C32: BESCOM | D32: 5642
A33: =vlookup(C33,'Refernce Sheet'!A:B,2,FALSE) -> BESCOM | B33: 17/07/2025 | C33: BESCOM | D33: 2481
A34: =vlookup(C34,'Refernce Sheet'!A:B,2,FALSE) -> BESCOM | B34: 17/07/2025 | C34: BESCOM | D34: 2460
A35: =vlookup(C35,'Refernce Sheet'!A:B,2,FALSE) -> KS3 | C35: Shyalaja | E35: 7800
A36: =vlookup(C36,'Refernce Sheet'!A:B,2,FALSE) -> BWSSB | B36: 22/07/2025 | C36: Bangalore One | D36: 10625
A37: =vlookup(C37,'Refernce Sheet'!A:B,2,FALSE) -> Cash | B37: 23/07/2025 | C37: Self | D37: 20000
A38: =vlookup(C38,'Refernce Sheet'!A:B,2,FALSE) -> KG3 | B38: 31/07/2025 | C38: Usha | E38: 2600
D42: =SUM(D1:D38) -> 85208 | E42: =SUM(E1:E38) -> 309312.9 | F42: =E42-D42 -> 224104.9
F43: =E42-E1 -> 132600

Sheet Aug 2025
A1: Appartment | B1: Date | C1: Name | E1: 224104.9
A2: =vlookup(C2,'Refernce Sheet'!A:B,2,FALSE) -> KF1 | C2: Nayak | E2: 2600
A3: =vlookup(C3,'Refernce Sheet'!A:B,2,FALSE) -> RG1 | C3: Megana | E3: 2600
A4: =vlookup(C4,'Refernce Sheet'!A:B,2,FALSE) -> KG1 | C4: Raghavendra Rao B H | E4: 2608
A5: =vlookup(C5,'Refernce Sheet'!A:B,2,FALSE) -> KG4 | C5: Srikanth Belihalli | E5: 2600
A6: =vlookup(C6,'Refernce Sheet'!A:B,2,FALSE) -> KF2 | C6: IMPS 9193..... 11122 | E6: 2600
A7: =vlookup(C7,'Refernce Sheet'!A:B,2,FALSE) -> RS3 | C7: Kiran M S | E7: 2600
A8: =vlookup(C8,'Refernce Sheet'!A:B,2,FALSE) -> RS2 | C8: Neha | E8: 2600
A9: =vlookup(C9,'Refernce Sheet'!A:B,2,FALSE) -> KS1 | C9: Ramesh Joshi | E9: 2600
A10: =vlookup(C10,'Refernce Sheet'!A:B,2,FALSE) -> VF2 | C10: Ramesh Bembalore | E10: 2600
A11: =vlookup(C11,'Refernce Sheet'!A:B,2,FALSE) -> KS2 | C11: Venkataramana | E11: 2600
A12: =vlookup(C12,'Refernce Sheet'!A:B,2,FALSE) -> KG2 | C12: Ramesh Mani | E12: 2600
A13: =vlookup(C13,'Refernce Sheet'!A:B,2,FALSE) -> VG1 | C13: Mukesh Gupta | E13: 2600
... A24: =vlookup(C24,'Refernce Sheet'!A:B,2,FALSE) -> VS3 | C24: Sai Prasad | E24: 2600
A25: =vlookup(C25,'Refernce Sheet'!A:B,2,FALSE) -> Security | B25: 45880 | C25: Karthik K C | D25: 29000
A26: =vlookup(C26,'Refernce Sheet'!A:B,2,FALSE) -> Maintenance | B26: 45880 | C26: Mariswamy | D26: 15000
A27: =vlookup(C27,'Refernce Sheet'!A:B,2,FALSE) -> VF3 | C27: Manu | E27: 1000 | F27: Extra
A28: =vlookup(C28,'Refernce Sheet'!A:B,2,FALSE) -> BESCOM | B28: 45886 | C28: BESCOM | D28: 2560
A29: =vlookup(C29,'Refernce Sheet'!A:B,2,FALSE) -> BESCOM | B29: 45886 | C29: BESCOM | D29: 2560
A30: =vlookup(C30,'Refernce Sheet'!A:B,2,FALSE) -> BESCOM | B30: 45886 | C30: BESCOM | D30: 6061
A31: =vlookup(C31,'Refernce Sheet'!A:B,2,FALSE) -> BWSSB | B31: 45890 | C31: Bangalore One | D31: 9950
A32: =vlookup(C32,'Refernce Sheet'!A:B,2,FALSE) -> #N/A
A33: =vlookup(C33,'Refernce Sheet'!A:B,2,FALSE) -> #N/A
A34: =vlookup(C34,'Refernce Sheet'!A:B,2,FALSE) -> #N/A
D35: Dr | E35: Cr
F37: Bal as of 31st
D38: =SUM(D2:D37) -> 65131 | E38: =sum(E1:E37) -> 284912.9 | F38: =E38-D38 -> 219781.9
E40: =E38-E1 -> 60808

Sheet Sept 2025
A1: Appartment | B1: Date | C1: Name | E1: 219781.9
A2: =vlookup(C2,'Refernce Sheet'!A:B,2,FALSE) -> KG3 | C2: Usha | E2: 2600
A3: =vlookup(C3,'Refernce Sheet'!A:B,2,FALSE) -> Bank Interest | C3: Interest | E3: 1473
A4: =vlookup(C4,'Refernce Sheet'!A:B,2,FALSE) -> KS2 | C4: Venkataramana | E4: 2600
A5: =vlookup(C5,'Refernce Sheet'!A:B,2,FALSE) -> KF1 | C5: Nayak | E5: 2600
A6: =vlookup(C6,'Refernce Sheet'!A:B,2,FALSE) -> RG1 | C6: Megana | E6: 2600
A7: =vlookup(C7,'Refernce Sheet'!A:B,2,FALSE) -> KF3 | C7: Varun | E7: 2600
A8: =vlookup(C8,'Refernce Sheet'!A:B,2,FALSE) -> KF2 | C8: IMPS 9193..... 11122 | E8: 2600
A9: =vlookup(C9,'Refernce Sheet'!A:B,2,FALSE) -> KG4 | C9: Srikanth Belihalli | E9: 2600
A10: =vlookup(C10,'Refernce Sheet'!A:B,2,FALSE) -> KS1 | C10: Ramesh Joshi | E10: 2600
A11: =vlookup(C11,'Refernce Sheet'!A:B,2,FALSE) -> #N/A | C11: Raghavendra BH | E11: 2600
A12: =vlookup(C12,'Refernce Sheet'!A:B,2,FALSE) -> RG2 | C12: Lakshmi Narayana | E12: 2600
A13: =vlookup(C13,'Refernce Sheet'!A:B,2,FALSE) -> VF1 | C13: Pusha Badmi | E13: 2600
... A18: =vlookup(C18,'Refernce Sheet'!A:B,2,FALSE) -> RF2 | C18: Sunitha Sudharshan | E18: 2600
A19: =vlookup(C19,'Refernce Sheet'!A:B,2,FALSE) -> Security | B19: 45909 | C19: Karthik K C | D19: 29000
A20: =vlookup(C20,'Refernce Sheet'!A:B,2,FALSE) -> VS3 | C20: Sai Prasad | E20: 2600
A21: =vlookup(C21,'Refernce Sheet'!A:B,2,FALSE) -> Maintenance | C21: Mariswamy | D21: 15000
A22: =vlookup(C22,'Refernce Sheet'!A:B,2,FALSE) -> KG2 | C22: Ramesh Mani | E22: 2600
A23: =vlookup(C23,'Refernce Sheet'!A:B,2,FALSE) -> BESCOM | B23: 17/9/2025 | C23: BESCOM | D23: 5767
A24: =vlookup(C24,'Refernce Sheet'!A:B,2,FALSE) -> BESCOM | C24: BESCOM | D24: 2584
A25: =vlookup(C25,'Refernce Sheet'!A:B,2,FALSE) -> BESCOM | C25: BESCOM | D25: 2577
A26: =vlookup(C26,'Refernce Sheet'!A:B,2,FALSE) -> VF2 | C26: Ramesh Bembalore | E26: 2600
A27: =vlookup(C27,'Refernce Sheet'!A:B,2,FALSE) -> BWSSB | B27: 20/9/2025 | C27: Bangalore One | D27: 11300
A28: =vlookup(C28,'Refernce Sheet'!A:B,2,FALSE) -> RG3 | C28: K C Pradeep | E28: 2600 | G28: kc pradeep
A29: =vlookup(C29,'Refernce Sheet'!A:B,2,FALSE) -> KF4 | C29: Aneesh Venkatesh | E29: 15600
A30: =vlookup(C30,'Refernce Sheet'!A:B,2,FALSE) -> KG3 | C30: Usha | E30: 2600
A31: =vlookup(C31,'Refernce Sheet'!A:B,2,FALSE) -> #N/A
A32: =vlookup(C32,'Refernce Sheet'!A:B,2,FALSE) -> #N/A
A33: =vlookup(C33,'Refernce Sheet'!A:B,2,FALSE) -> #N/A
A34: =vlookup(C34,'Refernce Sheet'!A:B,2,FALSE) -> #N/A
D35: Dr | E35: Cr
F37: Bal as of 31st
D38: =SUM(D9:D33) -> 66228 | E38: =sum(E1:E36) -> 291454.9 | F38: =E38-D38 -> 225226.9
E40: =E38-E2 -> 288854.9

Sheet Oct 2025
A1: Appartment | B1: Date | C1: Name | E1: 225226.9
A2: =vlookup(C2,'Refernce Sheet'!A:B,2,FALSE) -> KF1 | C2: Nayak | E2: 2600
A3: =vlookup(C3,'Refernce Sheet'!A:B,2,FALSE) -> RG1 | C3: Megana | E3: 2600
A4: =vlookup(C4,'Refernce Sheet'!A:B,2,FALSE) -> KG4 | C4: Srikanth Belihalli | E4: 2600
A5: =vlookup(C5,'Refernce Sheet'!A:B,2,FALSE) -> KF3 | C5: Varun | E5: 2600
A6: =vlookup(C6,'Refernce Sheet'!A:B,2,FALSE) -> KF2 | C6: IMPS 9193..... 11122 | E6: 2600
A7: =vlookup(C7,'Refernce Sheet'!A:B,2,FALSE) -> VG3 | C7: PaniRaj | E7: 7800
A8: =vlookup(C8,'Refernce Sheet'!A:B,2,FALSE) -> Cash | B8: 45932 | C8: Self | D8: 20000
A9: =vlookup(C9,'Refernce Sheet'!A:B,2,FALSE) -> KS4 | C9: Srekanth S N | E9: 7800
A10: =vlookup(C10,'Refernce Sheet'!A:B,2,FALSE) -> RG2 | C10: Lakshmi Narayana | E10: 2600
A11: =vlookup(C11,'Refernce Sheet'!A:B,2,FALSE) -> KS1 | C11: Ramesh Joshi | E11: 2600
A12: =vlookup(C12,'Refernce Sheet'!A:B,2,FALSE) -> RS2 | C12: Neha | E12: 2600
A13: =vlookup(C13,'Refernce Sheet'!A:B,2,FALSE) -> KS2 | C13: Venkataramana | E13: 2600
A14: =vlookup(C14,'Refernce Sheet'!A:B,2,FALSE) -> VF2 | C14: Ramesh Bembalore | E14: 2600
A15: =vlookup(C15,'Refernce Sheet'!A:B,2,FALSE) -> KG2 | C15: Ramesh Mani | E15: 2600
A16: =vlookup(C16,'Refernce Sheet'!A:B,2,FALSE) -> VF3 | C16: Manu | E16: 2600
A17: =vlookup(C17,'Refernce Sheet'!A:B,2,FALSE) -> VF1 | C17: Pusha Badmi | E17: 2600
A18: =vlookup(C18,'Refernce Sheet'!A:B,2,FALSE) -> #N/A | C18: Raghavendra BH | E18: 2600
A19: =vlookup(C19,'Refernce Sheet'!A:B,2,FALSE) -> RS3 | C19: Kiran M S | E19: 2600
A20: =vlookup(C20,'Refernce Sheet'!A:B,2,FALSE) -> KS3 | C20: Shyalaja | E20: 5200
A21: =vlookup(C21,'Refernce Sheet'!A:B,2,FALSE) -> RF3 | C21: Rohit Kumar | E21: 2600
A22: =vlookup(C22,'Refernce Sheet'!A:B,2,FALSE) -> Security | B22: 45939 | C22: Karthik K C | D22: 29000
A23: =vlookup(C23,'Refernce Sheet'!A:B,2,FALSE) -> VS3 | C23: Sai Prasad | E23: 2600
A24: =vlookup(C24,'Refernce Sheet'!A:B,2,FALSE) -> RG3 | C24: K C Pradeep | E24: 2600
A25: =vlookup(C25,'Refernce Sheet'!A:B,2,FALSE) -> Maintenance | B25: 45940 | C25: Mariswamy | D25: 15000
A26: =vlookup(C26,'Refernce Sheet'!A:B,2,FALSE) -> VG2 | C26: Swathi | E26: 7800
A27: =vlookup(C27,'Refernce Sheet'!A:B,2,FALSE) -> VS2 | C27: Srikanteshwar J S | E27: 2600
A28: =vlookup(C28,'Refernce Sheet'!A:B,2,FALSE) -> RF2 | C28: Sunitha Sudharshan | E28: 2600
A29: =vlookup(C29,'Refernce Sheet'!A:B,2,FALSE) -> BESCOM | C29: BESCOM | D29: 2497
A30: =vlookup(C30,'Refernce Sheet'!A:B,2,FALSE) -> BESCOM | C30: BESCOM | D30: 5674
A31: =vlookup(C31,'Refernce Sheet'!A:B,2,FALSE) -> BESCOM | C31: BESCOM | D31: 2546
A32: =vlookup(C32,'Refernce Sheet'!A:B,2,FALSE) -> KG3 | C32: Usha | E32: 2600
A33: =vlookup(C33,'Refernce Sheet'!A:B,2,FALSE) -> #N/A
A34: =vlookup(C34,'Refernce Sheet'!A:B,2,FALSE) -> #N/A
D35: Dr | E35: Cr
F37: Bal as of 31st
D38: =SUM(D2:D37) -> 74717 | E38: =sum(E2:E37) -> 83200 | F38: =E38+E1-D38 -> 233709.9

Sheet Nov 2025
A1: Appartment | B1: Date | C1: Name | E1: 233709.9
A2: =vlookup(C2,'Refernce Sheet'!A:B,2,FALSE) -> KF1 | C2: Nayak | E2: 2600
A3: =vlookup(C3,'Refernce Sheet'!A:B,2,FALSE) -> KS2 | C3: Venkataramana | E3: 2600
A4: =vlookup(C4,'Refernce Sheet'!A:B,2,FALSE) -> KG4 | C4: Srikanth Belihalli | E4: 2600
A5: =vlookup(C5,'Refernce Sheet'!A:B,2,FALSE) -> RS2 | C5: Neha | E5: 2600
A6: =vlookup(C6,'Refernce Sheet'!A:B,2,FALSE) -> KF2 | C6: IMPS 9193..... 11122 | E6: 2600
A7: =vlookup(C7,'Refernce Sheet'!A:B,2,FALSE) -> RG2 | C7: Lakshmi Narayana | E7: 2600
A8: =vlookup(C8,'Refernce Sheet'!A:B,2,FALSE) -> KS1 | C8: Ramesh Joshi | E8: 2600
A9: =vlookup(C9,'Refernce Sheet'!A:B,2,FALSE) -> RG1 | C9: Megana | E9: 2600
A10: =vlookup(C10,'Refernce Sheet'!A:B,2,FALSE) -> KF3 | C10: Varun | E10: 2600
A11: =vlookup(C11,'Refernce Sheet'!A:B,2,FALSE) -> BWSSB | B11: 45964 | C11: Bangalore One | D11: 10400
A12: =vlookup(C12,'Refernce Sheet'!A:B,2,FALSE) -> VF1 | C12: Pusha Badmi | E12: 2600
A13: =vlookup(C13,'Refernce Sheet'!A:B,2,FALSE) -> VF2 | C13: Ramesh Bembalore | E13: 2600
A14: =vlookup(C14,'Refernce Sheet'!A:B,2,FALSE) -> Security | B14: 45966 | C14: Karthik K C | D14: 29000
A15: =vlookup(C15,'Refernce Sheet'!A:B,2,FALSE) -> #N/A | C15: Raghavendra BH | E15: 2600
A16: =vlookup(C16,'Refernce Sheet'!A:B,2,FALSE) -> VF3 | C16: Manu | E16: 2600
A17: =vlookup(C17,'Refernce Sheet'!A:B,2,FALSE) -> Cash | B17: 45968 | C17: Self | D17: 20000
A18: =vlookup(C18,'Refernce Sheet'!A:B,2,FALSE) -> Maintenance | B18: 45968 | C18: Mariswamy | D18: 16000
A19: =vlookup(C19,'Refernce Sheet'!A:B,2,FALSE) -> RF3 | C19: Rohit Kumar | E19: 2600
A20: =vlookup(C20,'Refernce Sheet'!A:B,2,FALSE) -> RG3 | C20: K C Pradeep | E20: 2600 | F20: paid by Phaniraj
A21: =vlookup(C21,'Refernce Sheet'!A:B,2,FALSE) -> RS3 | C21: Kiran M S | E21: 2600
A22: =vlookup(C22,'Refernce Sheet'!A:B,2,FALSE) -> RF2 | C22: Sunitha Sudharshan | E22: 2600
A23: =vlookup(C23,'Refernce Sheet'!A:B,2,FALSE) -> VS3 | C23: Sai Prasad | E23: 2600
A24: =vlookup(C24,'Refernce Sheet'!A:B,2,FALSE) -> KG2 | C24: Ramesh Mani | E24: 2600
A25: =vlookup(C25,'Refernce Sheet'!A:B,2,FALSE) -> VS2 | C25: Srikanteshwar J S | E25: 2600
A26: =vlookup(C26,'Refernce Sheet'!A:B,2,FALSE) -> BESCOM | B26: 45978 | C26: BESCOM | D26: 2534
A27: =vlookup(C27,'Refernce Sheet'!A:B,2,FALSE) -> BESCOM | C27: BESCOM | D27: 5668
A28: =vlookup(C28,'Refernce Sheet'!A:B,2,FALSE) -> BESCOM | C28: BESCOM | D28: 2527
A29: =vlookup(C29,'Refernce Sheet'!A:B,2,FALSE) -> Bank | B29: 45985 | C29: Bank Charges | D29: 59 | F29: Reject charges
A30: =vlookup(C30,'Refernce Sheet'!A:B,2,FALSE) -> KG3 | C30: Usha | E30: 2600
A31: =vlookup(C31,'Refernce Sheet'!A:B,2,FALSE) -> #N/A
A32: =vlookup(C32,'Refernce Sheet'!A:B,2,FALSE) -> #N/A
A33: =vlookup(C33,'Refernce Sheet'!A:B,2,FALSE) -> #N/A
A34: =vlookup(C34,'Refernce Sheet'!A:B,2,FALSE) -> #N/A
D35: Dr | E35: Cr
F37: Bal as of 31st
D38: =SUM(D2:D37) -> 86188 | E38: =sum(E2:E37) -> 54600 | F38: =E38-D38+E1 -> 202121.9

Sheet Dec 2025
A1: Appartment | B1: Date | C1: Name | E1: 202121.9
A2: =vlookup(C2,'Refernce Sheet'!A:B,2,FALSE) -> Bank Interest | B2: 46034 | C2: Interest | E2: 1398
A3: =vlookup(C3,'Refernce Sheet'!A:B,2,FALSE) -> VF3 | C3: Manu | E3: 2600
A4: =vlookup(C4,'Refernce Sheet'!A:B,2,FALSE) -> KF1 | C4: Nayak | E4: 2600
A5: =vlookup(C5,'Refernce Sheet'!A:B,2,FALSE) -> RG1 | C5: Megana | E5: 2600
A6: =vlookup(C6,'Refernce Sheet'!A:B,2,FALSE) -> KS2 | C6: Venkataramana | E6: 2600
A7: =vlookup(C7,'Refernce Sheet'!A:B,2,FALSE) -> KG4 | C7: Srikanth Belihalli | E7: 2600
A8: =vlookup(C8,'Refernce Sheet'!A:B,2,FALSE) -> BWSSB | B8: 45700 | C8: Bangalore One | D8: 11548
A9: =vlookup(C9,'Refernce Sheet'!A:B,2,FALSE) -> VF2 | C9: Ramesh Bembalore | E9: 2600
A10: =vlookup(C10,'Refernce Sheet'!A:B,2,FALSE) -> KF2 | C10: IMPS 9193..... 11122 | E10: 2600
A11: =vlookup(C11,'Refernce Sheet'!A:B,2,FALSE) -> VS2 | C11: Srikanteshwar J S | E11: 2600
A12: =vlookup(C12,'Refernce Sheet'!A:B,2,FALSE) -> RG2 | C12: Lakshmi Narayana | E12: 2600
A13: =vlookup(C13,'Refernce Sheet'!A:B,2,FALSE) -> KF3 | C13: Varun | E13: 2600
A14: =vlookup(C14,'Refernce Sheet'!A:B,2,FALSE) -> KS1 | C14: Ramesh Joshi | E14: 2600
A15: =vlookup(C15,'Refernce Sheet'!A:B,2,FALSE) -> KG1 | C15: Raghavendra Rao B H | E15: 2600
A16: =vlookup(C16,'Refernce Sheet'!A:B,2,FALSE) -> Security | B16: 46185 | C16: Karthik K C | D16: 29000 | L16: 11548
A17: =vlookup(C17,'Refernce Sheet'!A:B,2,FALSE) -> VF1 | C17: Pusha Badmi | E17: 2600 | L17: 29000
A18: =vlookup(C18,'Refernce Sheet'!A:B,2,FALSE) -> RF2 | C18: Sunitha Sudharshan | E18: 2600 | L18: 10030
A19: =vlookup(C19,'Refernce Sheet'!A:B,2,FALSE) -> RG3 | C19: IMPS - No Number | E19: 2600 | F19: Paid by PhaniRaj | L19: 16000
A20: =vlookup(C20,'Refernce Sheet'!A:B,2,FALSE) -> RF3 | C20: Rohit Kumar | E20: 2600 | L20: 47.2
A21: =vlookup(C21,'Refernce Sheet'!A:B,2,FALSE) -> RS3 | C21: Kiran M S | E21: 2600 | L21: 2555
A22: =vlookup(C22,'Refernce Sheet'!A:B,2,FALSE) -> KG2 | C22: Ramesh Mani | E22: 2600 | L22: 5701
A23: =vlookup(C23,'Refernce Sheet'!A:B,2,FALSE) -> VS3 | C23: Sai Prasad | E23: 2600 | L23: 2520
A24: =vlookup(C24,'Refernce Sheet'!A:B,2,FALSE) -> Generator | C24: ManiKantan | D24: 10030 | F24: Alpha Generator | L24: 10365
A25: =vlookup(C25,'Refernce Sheet'!A:B,2,FALSE) -> Maintenance | C25: Mariswamy | D25: 16000 | L25: 25000
A26: =vlookup(C26,'Refernce Sheet'!A:B,2,FALSE) -> Bank | C26: Bank Charges | D26: 47.2 | L26: 118
A27: =vlookup(C27,'Refernce Sheet'!A:B,2,FALSE) -> BESCOM | B27: 17/12/2025 | C27: BESCOM | D27: 2555
A28: =vlookup(C28,'Refernce Sheet'!A:B,2,FALSE) -> BESCOM | C28: BESCOM | D28: 5701
A29: =vlookup(C29,'Refernce Sheet'!A:B,2,FALSE) -> BESCOM | C29: BESCOM | D29: 2520
A30: =vlookup(C30,'Refernce Sheet'!A:B,2,FALSE) -> BWSSB | B30: 17/12/2025 | C30: Bangalore One | D30: 10365 | I30: =D30+D8 -> 21913
A31: =vlookup(C31,'Refernce Sheet'!A:B,2,FALSE) -> Cash | C31: Self | D31: 25000
A32: =vlookup(C32,'Refernce Sheet'!A:B,2,FALSE) -> Bank | C32: Bank Charges | D32: 118 | I32: =D32+D26 -> 165.2
A33: =vlookup(C33,'Refernce Sheet'!A:B,2,FALSE) -> KS2 | C33: Venkataramana | E33: 2600
A34: =vlookup(C34,'Refernce Sheet'!A:B,2,FALSE) -> #N/A
D35: Dr | E35: Cr
F37: Bal as of 31st
D38: =SUM(D2:D37) -> 112884.2 | E38: =sum(E2:E37) -> 53398 | F38: =E38+E1-D38 -> 142635.7 | H38: =E38-1398 -> 52000
E40: =E38-E2 -> 52000

Sheet Jan 2026
A1: Appartment | B1: Date | C1: Name | E1: 142635.7
A2: =vlookup(C2,'Refernce Sheet'!A:B,2,FALSE) -> VG3 | C2: PaniRaj | E2: 7800
A3: =vlookup(C3,'Refernce Sheet'!A:B,2,FALSE) -> KG3 | C3: Usha | E3: 2600 | G3: \
A4: =vlookup(C4,'Refernce Sheet'!A:B,2,FALSE) -> KF2 | C4: IMPS 9193..... 11122 | E4: 2600
A5: =vlookup(C5,'Refernce Sheet'!A:B,2,FALSE) -> RG1 | C5: Megana | E5: 2600
A6: =vlookup(C6,'Refernce Sheet'!A:B,2,FALSE) -> KG4 | C6: Srikanth Belihalli | E6: 2600
A7: =vlookup(C7,'Refernce Sheet'!A:B,2,FALSE) -> RF3 | C7: Rohit Kumar | E7: 2600
A8: =vlookup(C8,'Refernce Sheet'!A:B,2,FALSE) -> KS1 | C8: Ramesh Joshi | E8: 2600
A9: =vlookup(C9,'Refernce Sheet'!A:B,2,FALSE) -> VS2 | C9: Srikanteshwar J S | E9: 2600
A10: =vlookup(C10,'Refernce Sheet'!A:B,2,FALSE) -> KF3 | C10: Varun | E10: 2600
A11: =vlookup(C11,'Refernce Sheet'!A:B,2,FALSE) -> RG2 | C11: Lakshmi Narayana | E11: 2600
A12: =vlookup(C12,'Refernce Sheet'!A:B,2,FALSE) -> VF2 | C12: Ramesh Bembalore | E12: 2600
A13: =vlookup(C13,'Refernce Sheet'!A:B,2,FALSE) -> VF1 | C13: Pusha Badmi | E13: 2600
A14: =vlookup(C14,'Refernce Sheet'!A:B,2,FALSE) -> RF2 | C14: Sunitha Sudharshan | E14: 2600
A15: =vlookup(C15,'Refernce Sheet'!A:B,2,FALSE) -> VG2 | C15: Swathi | E15: 7800
... A18: =vlookup(C18,'Refernce Sheet'!A:B,2,FALSE) -> VS3 | C18: Sai Prasad | E18: 2600
A19: =vlookup(C19,'Refernce Sheet'!A:B,2,FALSE) -> RG3 | C19: K C Pradeep | E19: 2600 | F19: paid by Phaniraj
A20: =vlookup(C20,'Refernce Sheet'!A:B,2,FALSE) -> KG1 | C20: Raghavendra Rao B H | E20: 2600 | F20: Paid by Kiran
A21: =vlookup(C21,'Refernce Sheet'!A:B,2,FALSE) -> KG3 | C21: Usha | E21: 2600
A22: =vlookup(C22,'Refernce Sheet'!A:B,2,FALSE) -> Maintenance | B22: 46029 | C22: Mariswamy | D22: 16000
A23: =vlookup(C23,'Refernce Sheet'!A:B,2,FALSE) -> Security | B23: 46034 | C23: Karthik K C | D23: 29000
A24: =vlookup(C24,'Refernce Sheet'!A:B,2,FALSE) -> BWSSB | B24: 46038 | C24: Bangalore One | D24: 10225
A25: =vlookup(C25,'Refernce Sheet'!A:B,2,FALSE) -> BESCOM | B25: 46039 | C25: BESCOM | D25: 2553
A26: =vlookup(C26,'Refernce Sheet'!A:B,2,FALSE) -> BESCOM | B26: 46039 | C26: BESCOM | D26: 2603
A27: =vlookup(C27,'Refernce Sheet'!A:B,2,FALSE) -> BESCOM | B27: 46039 | C27: BESCOM | D27: 5849
A28: =vlookup(C28,'Refernce Sheet'!A:B,2,FALSE) -> #N/A
A29: =vlookup(C29,'Refernce Sheet'!A:B,2,FALSE) -> #N/A
A30: =vlookup(C30,'Refernce Sheet'!A:B,2,FALSE) -> #N/A
A31: =vlookup(C31,'Refernce Sheet'!A:B,2,FALSE) -> #N/A
A32: =vlookup(C32,'Refernce Sheet'!A:B,2,FALSE) -> #N/A
A33: =vlookup(C33,'Refernce Sheet'!A:B,2,FALSE) -> #N/A
A34: =vlookup(C34,'Refernce Sheet'!A:B,2,FALSE) -> #N/A
D35: Dr | E35: Cr
F37: Bal as of 31st
D38: =SUM(D2:D37) -> 66230 | E38: =sum(E2:E37) -> 62400 | F38: =E38-D38+E1 -> 138805.7
E39: =E38+E1 -> 205035.7 | F39: =E39-D38 -> 138805.7

Sheet Feb 2026
A1: Appartment | B1: Date | C1: Name | E1: 138805.7
A2: =vlookup(C2,'Refernce Sheet'!A:B,2,FALSE) -> BESCOM | B2: 46070 | C2: BESCOM | D2: 2495
A3: =vlookup(C3,'Refernce Sheet'!A:B,2,FALSE) -> BESCOM | C3: BESCOM | D3: 2516
A4: =vlookup(C4,'Refernce Sheet'!A:B,2,FALSE) -> BESCOM | C4: BESCOM | D4: 5659
A5: =vlookup(C5,'Refernce Sheet'!A:B,2,FALSE) -> BWSSB | B5: 46076 | C5: Bangalore One | D5: 10125
A6: =vlookup(C6,'Refernce Sheet'!A:B,2,FALSE) -> Maintenance | B6: 46059 | C6: Mariswamy | D6: 16000
A7: =vlookup(C7,'Refernce Sheet'!A:B,2,FALSE) -> Security | B7: 46064 | C7: Karthik K C | D7: 29000
A8: =vlookup(C8,'Refernce Sheet'!A:B,2,FALSE) -> Lift | B8: 46079 | C8: Bharath Elevator | D8: 177000
A9: =vlookup(C9,'Refernce Sheet'!A:B,2,FALSE) -> KF1 | C9: Nayak | E9: 5200
A10: =vlookup(C10,'Refernce Sheet'!A:B,2,FALSE) -> KS2 | C10: Venkataramana | E10: 2600
A11: =vlookup(C11,'Refernce Sheet'!A:B,2,FALSE) -> VF2 | C11: Ramesh Bembalore | E11: 2600
A12: =vlookup(C12,'Refernce Sheet'!A:B,2,FALSE) -> KG4 | C12: Srikanth Belihalli | E12: 2600
A13: =vlookup(C13,'Refernce Sheet'!A:B,2,FALSE) -> RS2 | C13: Neha | E13: 2600
A14: =vlookup(C14,'Refernce Sheet'!A:B,2,FALSE) -> KF2 | C14: IMPS 9193..... 11122 | E14: 2600
A15: =vlookup(C15,'Refernce Sheet'!A:B,2,FALSE) -> KF3 | C15: Varun | E15: 2600
A16: =vlookup(C16,'Refernce Sheet'!A:B,2,FALSE) -> KS1 | C16: Ramesh Joshi | E16: 2600
A17: =vlookup(C17,'Refernce Sheet'!A:B,2,FALSE) -> KG2 | C17: Ramesh Mani | E17: 2600
A18: =vlookup(C18,'Refernce Sheet'!A:B,2,FALSE) -> VS2 | C18: Srikanteshwar J S | E18: 2600
A19: =vlookup(C19,'Refernce Sheet'!A:B,2,FALSE) -> RG1 | C19: Megana | E19: 2600
A20: =vlookup(C20,'Refernce Sheet'!A:B,2,FALSE) -> RG2 | C20: Lakshmi Narayana | E20: 2600
... A23: =vlookup(C23,'Refernce Sheet'!A:B,2,FALSE) -> VF1 | C23: Pusha Badmi | E23: 2600
A24: =vlookup(C24,'Refernce Sheet'!A:B,2,FALSE) -> RG3 | C24: K C Pradeep | E24: 2600 | F24: paid by Phaniraj
A25: =vlookup(C25,'Refernce Sheet'!A:B,2,FALSE) -> VF3 | C25: Manu | E25: 2600
A26: =vlookup(C26,'Refernce Sheet'!A:B,2,FALSE) -> VF3 | C26: Manu | E26: 2600
A27: =vlookup(C27,'Refernce Sheet'!A:B,2,FALSE) -> KG1 | C27: Raghavendra Rao B H | E27: 2600 | F27: paid by Kiran
A28: =vlookup(C28,'Refernce Sheet'!A:B,2,FALSE) -> RF3 | C28: Rohit Kumar | E28: 2600
A29: =vlookup(C29,'Refernce Sheet'!A:B,2,FALSE) -> KG2 | C29: Ramesh Mani | E29: 2600
A30: =vlookup(C30,'Refernce Sheet'!A:B,2,FALSE) -> VS3 | C30: Sai Prasad | E30: 2600
A31: =vlookup(C31,'Refernce Sheet'!A:B,2,FALSE) -> RS3 | C31: Kiran M S | E31: 2600
A32: =vlookup(C32,'Refernce Sheet'!A:B,2,FALSE) -> KS3 | C32: Shyalaja | E32: 10400
A33: =vlookup(C33,'Refernce Sheet'!A:B,2,FALSE) -> VG1 | C33: Mukesh Gupta | E33: 13800
A34: =vlookup(C34,'Refernce Sheet'!A:B,2,FALSE) -> Bank FD | B34: 46077 | C34: FD Amount | E34: 215870
D41: Dr | E41: Cr
F43: Bal as of 31st
D44: =SUM(D2:D43) -> 242795 | E44: =sum(E2:E43) -> 307670 | F44: =E46-D44 -> 203680.7 | H44: =E44-E34 -> 91800
E46: =E44+E1 -> 446475.7

Sheet Refernce Sheet
A1: Bank entry | B1: Appartment
A2: Bank Charges | B2: Bank
A3: Interest | B3: Bank Interest
A4: BESCOM | B4: BESCOM
A5: Bangalore One | B5: BWSSB
A6: Self | B6: Cash
A7: Pruthiv | B7: Garden
A8: ManiKantan | B8: Generator
A9: Nayak | B9: KF1
A10: IMPS 9193..... 11122 | B10: KF2
A11: Varun | B11: KF3
A12: Aneesh Venkatesh | B12: KF4
... A48: FD Amount | B48: Bank FD
